{
    "metrics": {
        "iterations": {
            "rate": 152.81200316779336,
            "count": 50461
        },
        "http_req_connecting": {
            "max": 19633.242027,
            "p(90)": 2.9541295999999995,
            "p(95)": 5.422820599999982,
            "avg": 432.9401777274483,
            "min": -1.67244,
            "med": 0
        },
        "http_req_duration": {
            "min": -1.673092,
            "med": 956.794922,
            "max": 60001.00027,
            "p(90)": 1506.0371304,
            "p(95)": 1653.2043436,
            "avg": 2045.5000931937793
        },
        "http_req_sending": {
            "avg": 0.054700124963220555,
            "min": 0,
            "med": 0.029493,
            "max": 21.302469,
            "p(90)": 0.1311606,
            "p(95)": 0.16976999999999992
        },
        "http_req_receiving": {
            "avg": 0.07407540667839542,
            "min": -4.326511,
            "med": 0.072962,
            "max": 25.771474,
            "p(90)": 0.14523239999999998,
            "p(95)": 0.17494739999999986
        },
        "iteration_duration": {
            "min": 2.72696,
            "med": 11280.958164,
            "max": 120510.74641,
            "p(90)": 60000.997097,
            "p(95)": 61325.461365,
            "avg": 18692.969214342662
        },
        "e2e_latency_ms": {
            "min": 6097,
            "med": 16115.5,
            "max": 59136,
            "p(90)": 46851.2,
            "p(95)": 52884.65,
            "avg": 22164.727272727272,
            "thresholds": {
                "p(95)<20000": true
            }
        },
        "http_req_blocked": {
            "p(90)": 3.110032199999999,
            "p(95)": 5.574442599999989,
            "avg": 432.97546690150716,
            "min": 0,
            "med": 0.008029,
            "max": 19633.885488
        },
        "checks": {
            "passes": 3003,
            "fails": 47612,
            "value": 0.05933023807171787
        },
        "http_req_failed": {
            "passes": 47612,
            "fails": 118925,
            "thresholds": {
                "rate<0.10": true
            },
            "value": 0.28589442586332164
        },
        "http_req_duration{expected_response:true}": {
            "max": 59724.07068,
            "p(90)": 1517.4229750000002,
            "p(95)": 1624.1502707999998,
            "avg": 1104.8255719485294,
            "min": 6.505545,
            "med": 1113.945416
        },
        "data_sent": {
            "rate": 271300.47897536086,
            "count": 89587815
        },
        "vus": {
            "max": 4000,
            "value": 787,
            "min": 10
        },
        "http_req_tls_handshaking": {
            "avg": 0,
            "min": 0,
            "med": 0,
            "max": 0,
            "p(90)": 0,
            "p(95)": 0
        },
        "http_reqs": {
            "count": 166537,
            "rate": 504.32715506142966
        },
        "analyze_errors": {
            "count": 50413,
            "rate": 152.66664385759233
        },
        "vus_max": {
            "max": 4000,
            "value": 4000,
            "min": 200
        },
        "http_req_waiting": {
            "min": -1.782542,
            "med": 956.655244,
            "max": 60000.899887,
            "p(90)": 1505.8770802000001,
            "p(95)": 1653.0275901999998,
            "avg": 2045.3713176621368
        },
        "data_received": {
            "rate": 133555.864692317,
            "count": 44102311
        },
        "dropped_iterations": {
            "count": 92906,
            "rate": 281.349001532015
        }
    },
    "root_group": {
        "id": "d41d8cd98f00b204e9800998ecf8427e",
        "groups": {},
        "checks": {
                "analyze 2xx": {
                    "path": "::analyze 2xx",
                    "id": "25e10ae774154b4110e7391749a4bd11",
                    "passes": 3003,
                    "fails": 47612,
                    "name": "analyze 2xx"
                }
            },
        "name": "",
        "path": ""
    }
}